APY,APY_BASE,APY_REWARD,TVL,DATE
0.88,,,4167240293,2022-02-11T00:00:00.000Z
0.84,,,4186769773,2022-02-12T00:00:00.000Z
0.82,,,4162616595,2022-02-13T00:00:00.000Z
0.87,,,4145994144,2022-02-14T00:00:00.000Z
1.02,,,4095248903,2022-02-15T00:00:00.000Z
0.97,,,4110529888,2022-02-16T00:00:00.000Z
1.16,,,4161910079,2022-02-17T00:00:00.000Z
0.96,,,4189833536,2022-02-18T00:00:00.000Z
0.9,,,4208146728,2022-02-19T00:00:00.000Z
0.78,,,4198297102,2022-02-20T00:00:00.000Z
0.81,,,4181473648,2022-02-21T00:00:00.000Z
0.82,,,4120483178,2022-02-22T00:00:00.000Z
0.93,,,4130873422,2022-02-23T00:00:00.000Z
1.06,,,4071649114,2022-02-24T00:00:00.000Z
1.18,,,3913067691,2022-02-25T00:00:00.000Z
1.17,,,3992920857,2022-02-26T00:00:00.000Z
0.97,,,3990879160,2022-02-27T00:00:00.000Z
1.01,,,3959614942,2022-02-28T00:00:00.000Z
1.07,,,3976640097,2022-03-01T00:00:00.000Z
1.11,,,4067092818,2022-03-02T00:00:00.000Z
1.13,,,4180609826,2022-03-03T00:00:00.000Z
0.98,,,4255066438,2022-03-04T00:00:00.000Z
0.99,,,4195362457,2022-03-05T00:00:00.000Z
0.96,,,4194095017,2022-03-06T00:00:00.000Z
1.01,,,4021444666,2022-03-07T00:00:00.000Z
1.06,,,4001067353,2022-03-08T00:00:00.000Z
0.94,,,3974471503,2022-03-09T00:00:00.000Z
0.81,,,3973110289,2022-03-10T00:00:00.000Z
0.96,,,3907482069,2022-03-11T00:00:00.000Z
0.97,,,3881405690,2022-03-12T00:00:00.000Z
0.99,,,3899928646,2022-03-13T00:00:00.000Z
0.92,,,3908042973,2022-03-14T00:00:00.000Z
0.86,,,3929894844,2022-03-15T00:00:00.000Z
0.8,,,3875949193,2022-03-16T00:00:00.000Z
0.97,,,3822765785,2022-03-17T00:00:00.000Z
1.1,,,3772134344,2022-03-18T00:00:00.000Z
1.07,,,3731679145,2022-03-19T00:00:00.000Z
0.87,,,3705696276,2022-03-20T00:00:00.000Z
0.88,,,3663300992,2022-03-21T00:00:00.000Z
0.92,,,3642915762,2022-03-22T00:00:00.000Z
0.97,,,3580872659,2022-03-23T00:00:00.000Z
1.06,,,3499619436,2022-03-24T00:00:00.000Z
1.46,,,3286013966,2022-03-25T00:00:00.000Z
1.17,,,3288678853,2022-03-26T00:00:00.000Z
1.20135,,,3265254455,2022-03-27T00:00:00.000Z
1.21452,,,3268503573,2022-03-28T00:00:00.000Z
1.1718,,,3322712840,2022-03-29T00:00:00.000Z
1.27326,,,3335754409,2022-03-30T00:00:00.000Z
1.23798,,,3361774356,2022-03-31T00:00:00.000Z
1.25826,,,3353939681,2022-04-01T00:00:00.000Z
1.25889,,,3267807303,2022-04-02T00:00:00.000Z
1.21454,,,3242151978,2022-04-03T00:00:00.000Z
1.27797,,,3198688458,2022-04-04T00:00:00.000Z
1.27407,,,3239603499,2022-04-05T00:00:00.000Z
1.08979,,,3283084911,2022-04-06T00:00:00.000Z
1.02745,,,3289599087,2022-04-07T00:00:00.000Z
0.98046,,,3287825993,2022-04-08T00:00:00.000Z
0.98729,,,3324502455,2022-04-09T00:00:00.000Z
0.98949,,,3387078595,2022-04-10T00:00:00.000Z
1.25024,,,3484594029,2022-04-11T00:00:00.000Z
1.01457,,,3528491078,2022-04-12T00:00:00.000Z
0.96508,,,3523927333,2022-04-13T00:00:00.000Z
0.92344,,,3547676454,2022-04-14T00:00:00.000Z
0.90413,,,3573710808,2022-04-15T00:00:00.000Z
0.86538,,,3600777450,2022-04-16T00:00:00.000Z
1.72237,,,3564718266,2022-04-17T00:00:00.000Z
0.90534,,,3587078158,2022-04-18T00:00:00.000Z
0.95077,,,3591835247,2022-04-19T00:00:00.000Z
0.99523,,,3578110529,2022-04-20T00:00:00.000Z
0.95366,,,3499530957,2022-04-21T00:00:00.000Z
1.12789,,,3356943437,2022-04-22T00:00:00.000Z
1.12627,,,3291902508,2022-04-23T00:00:00.000Z
0.96202,,,3484674560,2022-04-24T00:00:00.000Z
0.90737,,,3494652030,2022-04-25T00:00:00.000Z
0.86909,,,3411457308,2022-04-26T00:00:00.000Z
0.79479,,,3439360454,2022-04-27T00:00:00.000Z
0.74768,,,3409673719,2022-04-28T00:00:00.000Z
0.67917,,,3439909786,2022-04-29T00:00:00.000Z
0.83307,,,3292133501,2022-04-30T00:00:00.000Z
0.64434,,,3256837881,2022-05-01T00:00:00.000Z
0.70286,,,3204843829,2022-05-02T00:00:00.000Z
0.72442,,,3172900923,2022-05-03T00:00:00.000Z
0.84168,,,3194183464,2022-05-04T00:00:00.000Z
0.76602,,,3200122927,2022-05-05T00:00:00.000Z
0.80283,,,3243891127,2022-05-06T00:00:00.000Z
0.8191,,,3258416724,2022-05-07T00:00:00.000Z
2.51243,,,2948052806,2022-05-08T00:00:00.000Z
2.26411,,,2696729886,2022-05-09T00:00:00.000Z
2.4378,,,2595637633,2022-05-10T00:00:00.000Z
5.68794,,,1923049012,2022-05-11T00:00:00.000Z
9.44225,,,1625943952,2022-05-12T00:00:00.000Z
1.99263,,,1593019671,2022-05-13T00:00:00.000Z
0.92976,,,1404644182,2022-05-14T00:00:00.000Z
1.28983,,,1438304654,2022-05-15T00:00:00.000Z
1.1268,,,1428342028,2022-05-16T00:00:00.000Z
0.91696,,,1431001691,2022-05-17T00:00:00.000Z
0.7507,,,1442422197,2022-05-18T00:00:00.000Z
0.774,,,1423025492,2022-05-19T00:00:00.000Z
1.1535,,,1432666433,2022-05-20T00:00:00.000Z
0.74603,,,1473937714,2022-05-21T00:00:00.000Z
0.62644,,,1491224770,2022-05-22T00:00:00.000Z
0.66797,,,1520853105,2022-05-23T00:00:00.000Z
0.67013,,,1539516918,2022-05-24T00:00:00.000Z
0.6251,,,1555459941,2022-05-25T00:00:00.000Z
0.57357,,,1583515759,2022-05-26T00:00:00.000Z
0.9134,,,1459258830,2022-05-27T00:00:00.000Z
0.94325,,,1463289545,2022-05-28T00:00:00.000Z
0.95972,,,1474726987,2022-05-29T00:00:00.000Z
1.06477,,,1490291760,2022-05-30T00:00:00.000Z
1.06363,,,1506399288,2022-05-31T00:00:00.000Z
0.96337,,,1596077316,2022-06-01T00:00:00.000Z
0.92569,,,1601141393,2022-06-02T00:00:00.000Z
0.96578,,,1609696071,2022-06-03T00:00:00.000Z
0.92283,,,1607275163,2022-06-04T00:00:00.000Z
1.00086,,,1607039985,2022-06-05T00:00:00.000Z
1.05676,,,1642120735,2022-06-06T00:00:00.000Z
1.06525,,,1649920327,2022-06-07T00:00:00.000Z
1.01489,,,1655657933,2022-06-08T00:00:00.000Z
0.88853,,,1658309256,2022-06-09T00:00:00.000Z
0.826,,,1668970939,2022-06-10T00:00:00.000Z
0.79638,,,1683447444,2022-06-11T00:00:00.000Z
0.72738,,,1663901464,2022-06-12T00:00:00.000Z
1.41391,,,1491857784,2022-06-13T00:00:00.000Z
1.29432,,,1236299564,2022-06-14T00:00:00.000Z
1.3047,,,1181223957,2022-06-15T00:00:00.000Z
0.92389,,,1151838415,2022-06-16T00:00:00.000Z
0.98556,,,1098830591,2022-06-17T00:00:00.000Z
1.00319,,,1036879438,2022-06-18T00:00:00.000Z
0.89959,,,1053574607,2022-06-19T00:00:00.000Z
0.81554,,,1040826098,2022-06-20T00:00:00.000Z
0.86531,,,1041801029,2022-06-21T00:00:00.000Z
0.6267,,,1033933612,2022-06-22T00:00:00.000Z
0.93109,,,1033599607,2022-06-23T00:00:00.000Z
1.09527,,,1036814752,2022-06-24T00:00:00.000Z
0.71397,,,1043225161,2022-06-25T00:00:00.000Z
0.76088,,,1042065686,2022-06-26T00:00:00.000Z
0.75818,,,1060527954,2022-06-27T00:00:00.000Z
0.82026,,,1069001125,2022-06-28T00:00:00.000Z
0.97198,,,1054212888,2022-06-29T00:00:00.000Z
0.7342,,,1039855503,2022-06-30T00:00:00.000Z
0.88484,,,1035200361,2022-07-01T00:00:00.000Z
0.77992,,,1023287154,2022-07-02T00:00:00.000Z
0.68356,,,1020034337,2022-07-03T00:00:00.000Z
0.89002,,,989393915,2022-07-04T00:00:00.000Z
0.97117,,,985291472,2022-07-05T00:00:00.000Z
0.94882,,,991189450,2022-07-06T00:00:00.000Z
0.99278,,,981894011,2022-07-07T00:00:00.000Z
0.90155,,,982638739,2022-07-08T00:00:00.000Z
0.83829,,,982778304,2022-07-09T00:00:00.000Z
0.82585,,,982805872,2022-07-10T00:00:00.000Z
0.75934,,,988191336,2022-07-11T00:00:00.000Z
0.81735,,,986623507,2022-07-12T00:00:00.000Z
0.9239,,,982744663,2022-07-13T00:00:00.000Z
1.13528,,,968309163,2022-07-14T00:00:00.000Z
1.16721,,,974737984,2022-07-15T00:00:00.000Z
1.14296,,,972781188,2022-07-16T00:00:00.000Z
1.13517,,,972434790,2022-07-17T00:00:00.000Z
1.61131,,,979049126,2022-07-18T00:00:00.000Z
1.18439,,,991029907,2022-07-19T00:00:00.000Z
0.59496,0.22842,0.36653,1009399191,2022-07-20T00:00:00.000Z
0.65371,0.21943,0.43428,1004467865,2022-07-21T00:00:00.000Z
0.60765,0.14792,0.45973,1011285417,2022-07-22T00:00:00.000Z
0.58316,0.14218,0.44098,1019604493,2022-07-23T00:00:00.000Z
0.50705,0.06927,0.43778,1024629983,2022-07-24T00:00:00.000Z
0.40771,0.02357,0.38414,1022922591,2022-07-25T00:00:00.000Z
0.48179,0.12916,0.35264,1005749584,2022-07-26T00:00:00.000Z
0.74276,0.13103,0.61174,949053873,2022-07-27T00:00:00.000Z
0.9527,0.26328,0.68941,958665526,2022-07-28T00:00:00.000Z
0.87527,0.23183,0.64344,965643302,2022-07-29T00:00:00.000Z
0.68143,0.07798,0.60345,959004034,2022-07-30T00:00:00.000Z
0.64378,0.06252,0.58126,959096149,2022-07-31T00:00:00.000Z
0.61127,0.03406,0.57721,964613494,2022-08-01T00:00:00.000Z
0.83576,0.23165,0.60412,961863791,2022-08-02T00:00:00.000Z
0.73054,0.1323,0.59824,966892044,2022-08-03T00:00:00.000Z
0.66165,0.08024,0.58141,964564090,2022-08-04T00:00:00.000Z
0.75561,0.13188,0.62373,979425882,2022-08-05T00:00:00.000Z
0.71883,0.10975,0.60908,987437552,2022-08-06T00:00:00.000Z
0.64897,0.03646,0.61252,987210950,2022-08-07T00:00:00.000Z
0.64915,0.03665,0.61249,989793183,2022-08-08T00:00:00.000Z
0.72974,0.1736,0.55615,989108060,2022-08-09T00:00:00.000Z
0.73955,0.15292,0.58663,985711657,2022-08-10T00:00:00.000Z
0.80089,0.21968,0.58121,982568952,2022-08-11T00:00:00.000Z
0.78909,0.19169,0.5974,966216883,2022-08-12T00:00:00.000Z
0.61158,0.10246,0.50912,969624027,2022-08-13T00:00:00.000Z
0.57719,0.08096,0.49623,964100492,2022-08-14T00:00:00.000Z
0.53711,0.05973,0.47738,968019810,2022-08-15T00:00:00.000Z
0.68363,0.22276,0.46087,978184573,2022-08-16T00:00:00.000Z
0.65256,0.2283,0.42426,991816709,2022-08-17T00:00:00.000Z
0.56155,0.14454,0.41701,987257057,2022-08-18T00:00:00.000Z
0.43687,0.06022,0.37665,976389282,2022-08-19T00:00:00.000Z
0.52506,0.16678,0.35827,974316034,2022-08-20T00:00:00.000Z
0.46772,0.09891,0.36881,974702465,2022-08-21T00:00:00.000Z
0.62582,0.23997,0.38585,937777068,2022-08-22T00:00:00.000Z
0.55339,0.13708,0.41631,929796089,2022-08-23T00:00:00.000Z
0.61823,0.20195,0.41627,927229083,2022-08-24T00:00:00.000Z
0.53596,0.13046,0.4055,928645898,2022-08-25T00:00:00.000Z
0.49408,0.1259,0.36818,923414627,2022-08-26T00:00:00.000Z
0.46638,0.12151,0.34487,930128955,2022-08-27T00:00:00.000Z
0.37808,0.04242,0.33566,925891162,2022-08-28T00:00:00.000Z
0.55546,0.20386,0.3516,920898043,2022-08-29T00:00:00.000Z
0.53395,0.18364,0.35032,911877885,2022-08-30T00:00:00.000Z
0.49842,0.11608,0.38234,916451926,2022-08-31T00:00:00.000Z
0.47489,0.09598,0.37892,913020886,2022-09-01T00:00:00.000Z
0.43132,0.07182,0.3595,913518499,2022-09-02T00:00:00.000Z
0.44861,0.09638,0.35223,906782662,2022-09-03T00:00:00.000Z
0.45111,0.09578,0.35532,902850964,2022-09-04T00:00:00.000Z
0.61229,0.24679,0.3655,859219771,2022-09-05T23:00:20.665Z
0.5998,0.25564,0.34416,837777081,2022-09-06T23:01:16.655Z
0.59814,0.18766,0.41047,822262326,2022-09-07T23:01:12.945Z
0.59638,0.20852,0.38786,816525225,2022-09-08T23:01:22.510Z
0.51152,0.09945,0.41207,811409438,2022-09-09T23:01:13.561Z
0.60878,0.17488,0.4339,808266654,2022-09-10T23:01:13.907Z
0.52133,0.12117,0.40016,804923505,2022-09-11T23:01:42.972Z
0.45431,0.06472,0.38958,803717654,2022-09-12T23:01:09.865Z
0.52915,0.16719,0.36196,788731603,2022-09-13T23:01:07.761Z
0.56784,0.19818,0.36965,759997957,2022-09-14T23:02:09.094Z
0.6715,0.30118,0.37032,754887531,2022-09-15T23:01:40.546Z
0.60879,0.23648,0.37231,769478136,2022-09-16T23:01:11.180Z
0.57301,0.18437,0.38864,767792651,2022-09-17T23:01:18.304Z
0.38199,0.03959,0.3424,767447793,2022-09-18T23:01:25.571Z
0.48759,0.13015,0.35744,767264141,2022-09-19T23:01:14.611Z
0.48403,0.14699,0.33704,869000432,2022-09-20T23:01:04.194Z
0.50381,0.2051,0.29871,860010257,2022-09-21T23:01:21.805Z
0.45779,0.13979,0.318,860937783,2022-09-22T23:01:07.186Z
0.43317,0.09965,0.33351,858091693,2022-09-23T23:01:24.688Z
0.36088,0.04228,0.3186,867251428,2022-09-24T23:01:19.601Z
0.41291,0.10244,0.31047,867772324,2022-09-25T23:01:32.053Z
0.36636,0.03598,0.33038,865420887,2022-09-26T23:01:09.747Z
0.44904,0.11907,0.32997,867882435,2022-09-27T23:01:35.519Z
0.45181,0.1183,0.3335,864811118,2022-09-28T23:01:07.687Z
0.47876,0.15038,0.32838,873825106,2022-09-29T23:01:07.346Z
0.46807,0.13972,0.32835,850878165,2022-09-30T23:01:11.192Z
0.46485,0.1446,0.32025,867596792,2022-10-01T23:01:23.222Z
0.44481,0.13061,0.3142,864455915,2022-10-02T23:01:28.782Z
0.34863,0.02753,0.3211,862411256,2022-10-03T23:01:06.506Z
0.43378,0.10458,0.3292,854991173,2022-10-04T23:01:29.553Z
0.48237,0.15362,0.32876,849836364,2022-10-05T23:01:21.080Z
0.47696,0.15606,0.3209,854064459,2022-10-06T23:01:11.401Z
0.47879,0.16188,0.31692,852223399,2022-10-07T23:01:25.853Z
0.47056,0.15829,0.31227,854387236,2022-10-08T23:01:19.561Z
0.37507,0.06227,0.3128,856127838,2022-10-09T23:01:42.040Z
0.37372,0.06833,0.30539,856132817,2022-10-10T23:01:19.445Z
0.51391,0.10161,0.4123,853765357,2022-10-11T23:01:10.331Z
0.62897,0.21459,0.41438,850657011,2022-10-12T23:01:24.217Z
0.49341,0.0934,0.40001,849022553,2022-10-13T23:01:06.953Z
0.59536,0.18253,0.41284,844068519,2022-10-14T23:01:10.978Z
0.4992,0.08267,0.41652,844638736,2022-10-15T23:01:24.622Z
0.44213,0.02328,0.41885,847392521,2022-10-16T23:01:40.426Z
0.4902,0.02963,0.46057,836963979,2022-10-17T23:01:17.117Z
0.72414,0.25169,0.47245,834062119,2022-10-18T23:01:30.429Z
0.55442,0.11144,0.44298,831479768,2022-10-19T23:01:17.431Z
0.47553,0.08594,0.38958,822594513,2022-10-20T23:01:12.326Z
0.39699,0.09823,0.29876,793119952,2022-10-21T23:01:22.303Z
0.53831,0.2526,0.28571,795282527,2022-10-22T23:01:48.781Z
0.37915,0.08684,0.29231,800117206,2022-10-23T23:01:23.786Z
0.39944,0.11823,0.2812,792878365,2022-10-24T23:01:23.555Z
0.4589,0.15341,0.30549,776045110,2022-10-25T23:01:30.450Z
0.54689,0.23126,0.31563,763798823,2022-10-26T23:01:13.100Z
0.45988,0.15818,0.3017,765057250,2022-10-27T23:01:05.488Z
0.45863,0.14795,0.31067,767167487,2022-10-28T23:01:29.883Z
0.40353,0.09602,0.3075,770109364,2022-10-29T23:01:27.041Z
0.41604,0.11874,0.2973,767292973,2022-10-30T23:01:11.615Z
0.52543,0.2349,0.29053,774761498,2022-10-31T23:01:26.820Z
0.72658,0.43184,0.29474,792894529,2022-11-01T23:01:15.266Z
0.49706,0.2112,0.28586,795383167,2022-11-02T23:01:24.956Z
0.52956,0.23339,0.29618,790176559,2022-11-03T23:01:21.669Z
0.50775,0.17447,0.33328,788150673,2022-11-04T23:01:14.459Z
0.49887,0.1738,0.32506,788946670,2022-11-05T23:01:21.101Z
0.44466,0.12617,0.31849,794971155,2022-11-06T23:01:29.420Z
0.42604,0.10321,0.32283,790439340,2022-11-07T23:01:38.518Z
0.44019,0.19136,0.24882,784564884,2022-11-08T23:01:28.796Z
0.9356,0.75244,0.18315,780491484,2022-11-09T23:01:22.728Z
2.28263,2.02129,0.26133,668382431,2022-11-10T23:01:24.513Z
5.71826,5.47864,0.23962,660539513,2022-11-11T23:01:33.802Z
1.75492,1.52933,0.22559,648087485,2022-11-12T23:01:13.633Z
1.38132,1.14861,0.23272,638972566,2022-11-13T23:01:21.835Z
0.86057,0.63903,0.22154,629546721,2022-11-14T23:01:07.282Z
0.88719,0.66232,0.22487,626573654,2022-11-15T23:01:22.418Z
1.04748,0.82757,0.21991,625622001,2022-11-16T23:01:11.369Z
0.71567,0.51048,0.2052,622659950,2022-11-17T23:01:20.629Z
0.54263,0.33992,0.20271,646482116,2022-11-18T23:01:07.939Z
0.78235,0.57829,0.20406,675641666,2022-11-19T23:01:03.119Z
0.55886,0.3699,0.18896,669546664,2022-11-20T23:01:32.202Z
0.73916,0.56111,0.17805,698584760,2022-11-21T23:01:24.699Z
1.15477,0.92464,0.23012,709314740,2022-11-22T23:01:22.088Z
1.38057,1.08469,0.29588,688917619,2022-11-23T23:01:09.435Z
1.8104,1.44367,0.36673,674392495,2022-11-24T23:01:19.334Z
1.9358,1.59443,0.34137,677269508,2022-11-25T23:01:19.167Z
0.98186,0.62761,0.35425,673893133,2022-11-26T23:01:29.789Z
1.03191,0.67192,0.35999,671631521,2022-11-27T23:01:17.927Z
0.92286,0.59105,0.33182,691159238,2022-11-28T23:01:22.958Z
1.23832,0.89326,0.34506,691903946,2022-11-29T23:01:20.134Z
0.92258,0.57923,0.34336,684666190,2022-11-30T23:01:06.290Z
0.74555,0.38965,0.3559,683482215,2022-12-01T23:01:10.708Z
0.72764,0.36896,0.35868,678298209,2022-12-02T23:01:12.413Z
0.47845,0.13166,0.34679,678080879,2022-12-03T23:01:22.058Z
0.41286,0.04771,0.36515,672244175,2022-12-04T23:01:10.579Z
0.43425,0.06705,0.3672,667830741,2022-12-05T23:01:11.440Z
0.48154,0.11326,0.36828,659185218,2022-12-06T23:01:15.212Z
0.585,0.22063,0.36436,654802506,2022-12-07T23:01:35.979Z
0.59056,0.22043,0.37013,651197427,2022-12-08T23:01:23.449Z
0.48854,0.15938,0.32916,653801994,2022-12-09T23:01:21.830Z
0.42202,0.09528,0.32674,651490351,2022-12-10T23:01:09.811Z
0.35702,0.03411,0.32291,645660123,2022-12-11T23:01:18.726Z
0.45583,0.1408,0.31503,631245210,2022-12-12T23:01:26.260Z
0.60503,0.26892,0.3361,616338469,2022-12-13T23:01:00.632Z
0.78789,0.45562,0.33227,616397888,2022-12-14T23:01:35.060Z
0.52899,0.21461,0.31438,617466734,2022-12-15T23:01:24.642Z
0.57541,0.29105,0.28435,616372382,2022-12-16T23:01:16.697Z
0.49097,0.20748,0.28349,613199760,2022-12-17T23:01:08.073Z
0.49201,0.20992,0.28209,613506118,2022-12-18T23:01:11.925Z
0.38433,0.11786,0.26646,614979403,2022-12-19T23:01:07.408Z
0.56418,0.29172,0.27246,612933059,2022-12-20T23:01:36.165Z
0.59274,0.32658,0.26617,608462265,2022-12-21T23:01:15.615Z
0.83199,0.54107,0.29091,607629488,2022-12-22T23:01:16.223Z
0.60587,0.31541,0.29045,611045927,2022-12-23T23:01:18.165Z
0.73268,0.44364,0.28904,612674428,2022-12-24T23:01:21.751Z
0.44865,0.15886,0.28979,611639001,2022-12-25T23:01:17.290Z
0.76203,0.46596,0.29606,612839416,2022-12-26T23:01:15.096Z
0.77484,0.48154,0.29329,608062429,2022-12-27T23:01:22.581Z
0.6314,0.34599,0.28541,610928870,2022-12-28T23:01:22.323Z
1.37265,1.09266,0.27998,613001142,2022-12-29T23:01:13.992Z
0.99107,0.6943,0.29677,611050825,2022-12-30T23:01:32.154Z
1.0758,0.77653,0.29927,609039701,2022-12-31T23:01:27.317Z
0.5207,0.21959,0.30111,610630030,2023-01-01T23:01:08.962Z
0.47573,0.16725,0.30848,612345742,2023-01-02T23:01:09.281Z
0.454,0.15275,0.30126,606983451,2023-01-03T23:01:23.559Z
0.83625,0.52364,0.31262,611712166,2023-01-04T23:01:28.625Z
0.73811,0.46416,0.27395,608784152,2023-01-05T23:01:25.353Z
0.89312,0.62034,0.27278,604577857,2023-01-06T23:01:14.766Z
0.98997,0.71266,0.27732,606796437,2023-01-07T23:01:36.090Z
0.70744,0.42401,0.28343,606512995,2023-01-08T23:01:06.528Z
0.64652,0.28781,0.35871,600627769,2023-01-09T23:01:24.876Z
0.98267,0.61152,0.37115,595937464,2023-01-10T23:01:32.069Z
1.21036,0.56472,0.64563,566479428,2023-01-11T23:01:31.025Z
1.51262,0.84838,0.66424,566095682,2023-01-12T23:01:32.616Z
1.59886,0.8138,0.78505,573979635,2023-01-13T23:01:23.313Z
1.82759,1.03993,0.78766,567256451,2023-01-14T23:01:24.586Z
1.56067,0.75345,0.80723,565174433,2023-01-15T23:01:28.531Z
1.43227,0.59945,0.83281,568627762,2023-01-16T23:01:27.667Z
1.17043,0.27494,0.89549,569451976,2023-01-17T23:01:13.208Z
1.39334,0.51139,0.88195,563224346,2023-01-18T23:01:14.286Z
1.70962,0.83302,0.8766,565544345,2023-01-19T23:01:29.082Z
1.68876,0.70899,0.97977,564558813,2023-01-20T23:01:27.877Z
1.59221,0.62261,0.9696,565123774,2023-01-21T23:01:27.215Z
1.76145,0.75351,1.00793,566899911,2023-01-22T23:01:27.679Z
1.36779,0.41589,0.9519,571836864,2023-01-23T23:01:17.986Z
1.56637,0.68018,0.88619,573905331,2023-01-24T23:01:32.493Z
1.85605,0.90944,0.9466,568945264,2023-01-25T23:01:06.458Z
1.74067,0.80125,0.93942,567260103,2023-01-26T23:01:22.595Z
1.39955,0.39173,1.00782,563433985,2023-01-27T23:01:27.035Z
1.69656,0.80035,0.89622,564376838,2023-01-28T23:01:29.171Z
1.27879,0.36096,0.91783,567304339,2023-01-29T23:01:36.162Z
0.9854,0.12755,0.85785,560750389,2023-01-30T23:01:19.317Z
1.26421,0.39225,0.87196,555215289,2023-01-31T23:01:54.579Z
1.25706,0.33649,0.92056,559940619,2023-02-01T23:01:35.259Z
1.22071,0.33438,0.88632,556497823,2023-02-02T23:01:18.505Z
1.26361,0.3455,0.91811,561678428,2023-02-03T23:01:24.303Z
1.36964,0.45042,0.91922,559395694,2023-02-04T23:01:29.628Z
1.07238,0.21841,0.85397,556119182,2023-02-05T23:01:17.883Z
1.31684,0.45087,0.86597,555904615,2023-02-06T23:01:12.628Z
1.21935,0.3326,0.88675,547673889,2023-02-07T23:01:19.143Z
1.49137,0.56654,0.92483,543395117,2023-02-08T23:01:29.259Z
1.18566,0.42257,0.76309,546649453,2023-02-09T23:01:24.398Z
1.13058,0.40249,0.72809,535550271,2023-02-10T23:01:27.004Z
1.18608,0.4596,0.72648,540503129,2023-02-11T23:01:42.650Z
1.0155,0.27447,0.74103,540574246,2023-02-12T20:01:22.052Z
0.93402,0.15138,0.78264,531998797,2023-02-13T17:01:28.655Z
3.39023,2.56132,0.82891,527665857,2023-02-14T21:01:22.650Z
1.40785,0.56072,0.84713,523214701,2023-02-15T23:01:11.410Z
1.15537,0.32142,0.83395,512760437,2023-02-16T23:01:15.905Z
1.15552,0.25243,0.90309,515001746,2023-02-17T23:02:24.242Z
1.18747,0.2484,0.93907,518803996,2023-02-18T23:01:37.863Z
1.00193,0.07944,0.9225,520104954,2023-02-19T18:01:22.959Z
1.0601,0.10778,0.95232,516914745,2023-02-20T23:01:30.938Z
0.96231,0.09281,0.8695,514035732,2023-02-21T22:01:40.572Z
0.95938,0.14017,0.81921,512907453,2023-02-22T23:01:18.690Z
0.97183,0.15812,0.81371,514544862,2023-02-23T22:12:31.230Z
0.87537,0.12904,0.74633,513906305,2023-02-24T23:12:16.660Z
0.94801,0.21236,0.73565,513353340,2023-02-25T23:01:32.195Z
0.88938,0.11588,0.77349,511023007,2023-02-26T23:23:19.222Z
0.81015,0.03833,0.77182,514036454,2023-02-27T23:23:37.417Z
0.96321,0.19656,0.76665,509830864,2023-02-28T22:01:45.267Z
0.82528,0.12994,0.69534,522434991,2023-03-01T23:01:32.090Z
0.83237,0.25612,0.57625,534079480,2023-03-02T23:01:25.300Z
1.06479,0.50847,0.55632,532517279,2023-03-03T23:12:58.039Z
0.91254,0.40287,0.50967,538517352,2023-03-04T23:01:31.845Z
0.57246,0.04529,0.52717,540758679,2023-03-05T23:01:31.423Z
0.61118,0.09306,0.51812,542387996,2023-03-06T23:01:15.424Z
1.01475,0.49304,0.52171,535268758,2023-03-07T23:01:14.540Z
1.46529,0.96707,0.49822,532760349,2023-03-08T23:01:35.731Z
0.75564,0.272,0.48364,528957991,2023-03-09T23:01:45.807Z
0.76103,0.21515,0.54588,498672541,2023-03-10T23:01:33.849Z
4.46904,3.8148,0.65424,367854978,2023-03-11T23:01:22.755Z
4.49452,3.8148,0.67971,386196512,2023-03-12T23:01:23.283Z
8.87285,8.17892,0.69392,392862890,2023-03-13T23:01:30.428Z
6.42147,5.7439,0.67757,398020187,2023-03-14T22:01:15.304Z
2.41559,1.79585,0.61975,402829648,2023-03-15T23:12:17.388Z
2.16674,1.53448,0.63226,402651445,2023-03-16T23:01:42.072Z
1.96197,1.37287,0.58909,424454481,2023-03-17T23:01:18.776Z
2.00278,1.39453,0.60825,426493166,2023-03-18T23:01:37.787Z
1.10901,0.48442,0.6246,428058103,2023-03-19T23:01:17.264Z
1.05623,0.38138,0.67485,421263688,2023-03-20T23:01:20.341Z
1.41801,0.73357,0.68444,423268223,2023-03-21T23:01:31.553Z
1.03655,0.4111,0.62546,423277250,2023-03-22T23:01:09.441Z
1.5371,0.90116,0.63594,421014699,2023-03-23T23:01:33.860Z
1.02938,0.43047,0.5989,421312318,2023-03-24T23:01:11.574Z
1.07214,0.4688,0.60333,438650259,2023-03-25T23:01:39.980Z
0.93718,0.33066,0.60652,433817002,2023-03-26T23:01:27.939Z
0.86269,0.28698,0.57571,425236063,2023-03-27T23:01:47.577Z
1.08173,0.4883,0.59343,430643118,2023-03-28T23:01:37.743Z
0.90413,0.32387,0.58025,437288622,2023-03-29T23:01:48.632Z
1.00787,0.44307,0.5648,440083334,2023-03-30T23:01:13.610Z
0.90055,0.31665,0.5839,439274919,2023-03-31T23:01:25.327Z
0.98431,0.40897,0.57534,439265430,2023-04-01T23:01:16.775Z
0.69701,0.13119,0.56583,436555641,2023-04-02T23:01:22.837Z
0.75979,0.17901,0.58078,434765402,2023-04-03T23:01:40.477Z
0.88986,0.26211,0.62775,430864175,2023-04-04T23:01:47.311Z
0.84168,0.23082,0.61086,436290272,2023-04-05T23:01:50.121Z
0.75307,0.15112,0.60195,434202361,2023-04-06T23:01:22.087Z
0.86594,0.2098,0.65613,430288082,2023-04-07T23:02:11.962Z
0.79519,0.13483,0.66036,430647570,2023-04-08T23:01:38.523Z
0.92109,0.25782,0.66327,433845232,2023-04-09T23:01:29.770Z
0.762,0.11607,0.64593,437807031,2023-04-10T23:01:58.061Z
0.83904,0.19289,0.64615,441064592,2023-04-11T23:01:32.408Z
0.98023,0.32762,0.65261,445503917,2023-04-12T22:01:54.709Z
0.93725,0.26389,0.67336,446141481,2023-04-13T23:01:43.267Z
0.97242,0.27852,0.6939,445527782,2023-04-14T23:01:29.813Z
1.0296,0.34024,0.68935,446401229,2023-04-15T23:01:34.277Z
0.79464,0.0971,0.69754,447448420,2023-04-16T23:01:37.351Z
0.72742,0.06343,0.66399,439859195,2023-04-17T23:01:55.361Z
0.9541,0.26061,0.6935,439712563,2023-04-18T23:01:31.260Z
0.79324,0.16757,0.62567,439564459,2023-04-19T23:01:16.900Z
0.85294,0.24326,0.60967,441086159,2023-04-20T23:01:19.430Z
0.87157,0.27701,0.59456,409042166,2023-04-21T23:01:38.883Z
1.00921,0.40172,0.60749,408717773,2023-04-22T23:01:52.638Z
0.80544,0.19148,0.61396,408480331,2023-04-23T23:01:21.160Z
0.75756,0.14896,0.6086,404504563,2023-04-24T23:02:29.589Z
0.95167,0.32579,0.62588,406999008,2023-04-25T23:01:44.945Z
0.83511,0.24762,0.58749,408132006,2023-04-26T23:02:42.548Z
0.94614,0.3373,0.60884,404993836,2023-04-27T23:01:14.616Z
1.01197,0.44048,0.57149,406318047,2023-04-28T23:01:13.737Z
0.80779,0.22878,0.57901,407277264,2023-04-29T23:01:24.241Z
0.72684,0.14922,0.57762,412120773,2023-04-30T23:01:51.668Z
0.69326,0.13751,0.55575,403285236,2023-05-01T23:01:48.193Z
0.92594,0.35289,0.57305,404023144,2023-05-02T23:01:59.134Z
0.91391,0.30068,0.61323,399805050,2023-05-03T23:01:53.729Z
0.84058,0.26295,0.57763,396346602,2023-05-04T23:01:45.679Z
0.76523,0.15809,0.60714,398299829,2023-05-05T23:02:04.606Z
0.82795,0.25052,0.57743,398211370,2023-05-06T23:01:45.259Z
0.84541,0.27804,0.56737,397453295,2023-05-07T23:02:01.683Z
0.64238,0.11854,0.52384,396976987,2023-05-08T23:01:47.413Z
0.89185,0.36135,0.53049,393172261,2023-05-09T23:02:12.917Z
0.89588,0.35934,0.53654,390881769,2023-05-10T23:01:34.510Z
0.76322,0.24875,0.51447,391092068,2023-05-11T23:02:12.908Z
0.89778,0.37615,0.52163,388924370,2023-05-12T23:01:39.224Z
0.82851,0.31071,0.5178,387864815,2023-05-13T23:02:21.680Z
0.59481,0.08068,0.51413,387758687,2023-05-14T23:02:05.311Z
0.60601,0.07081,0.5352,388687303,2023-05-15T23:01:58.111Z
0.79687,0.26502,0.53185,386762625,2023-05-16T23:02:21.391Z
0.7565,0.22328,0.53322,386436610,2023-05-17T23:02:02.555Z
0.80715,0.30108,0.50607,387975313,2023-05-18T23:01:52.390Z
0.74322,0.24906,0.49415,384820069,2023-05-19T23:01:44.387Z
0.72057,0.22196,0.49861,383041945,2023-05-20T23:01:47.069Z
0.55529,0.05644,0.49885,380477935,2023-05-21T23:01:59.618Z
0.59949,0.09901,0.50048,383111462,2023-05-22T23:01:43.911Z
0.74093,0.21587,0.52506,384866155,2023-05-23T23:01:56.493Z
0.78953,0.29175,0.49779,396552241,2023-05-24T23:02:19.949Z
0.86651,0.36923,0.49728,396695864,2023-05-25T23:02:05.578Z
0.87698,0.37716,0.49982,398547697,2023-05-26T23:01:51.252Z
0.69155,0.19511,0.49644,398944089,2023-05-27T23:01:44.665Z
0.56978,0.0623,0.50748,397771987,2023-05-28T23:01:54.898Z
0.60625,0.10006,0.50619,395650953,2023-05-29T23:02:12.213Z
0.69685,0.20164,0.49522,394611475,2023-05-30T23:05:28.004Z
0.68068,0.1942,0.48648,395524214,2023-05-31T23:01:51.345Z
0,0,0,395945623,2023-06-01T23:01:41.419Z
0.74865,0.24898,0.49968,393810373,2023-06-02T23:01:51.136Z
0.77642,0.29165,0.48477,393622541,2023-06-03T23:01:47.998Z
0.54252,0.05633,0.48618,395468991,2023-06-04T23:02:14.696Z
0.50709,0.06212,0.44497,398110955,2023-06-05T23:01:58.081Z
0.70888,0.25157,0.45731,398758234,2023-06-06T23:01:53.831Z
0.80755,0.404,0.40355,407137945,2023-06-07T23:01:45.070Z
0.73723,0.29253,0.4447,391376436,2023-06-08T23:02:16.544Z
0.65937,0.20593,0.45344,393842984,2023-06-09T23:02:10.401Z
0.79563,0.40299,0.39265,365070911,2023-06-10T23:02:04.085Z
0.89781,0.48484,0.41297,361353165,2023-06-11T23:02:11.068Z
0.60845,0.19808,0.41037,352788978,2023-06-12T23:01:52.561Z
0.86866,0.44292,0.42574,357490780,2023-06-13T23:02:16.960Z
0.73155,0.34777,0.38377,382458350,2023-06-14T23:01:52.811Z
0.90862,0.49067,0.41795,377336227,2023-06-15T23:01:53.321Z
4.28626,3.85977,0.4265,376308463,2023-06-16T23:02:18.685Z
1.47899,1.0544,0.42459,364468037,2023-06-17T23:02:58.727Z
0.72739,0.29919,0.4282,362629053,2023-06-18T23:02:01.498Z
0.54093,0.11287,0.42806,360630248,2023-06-19T23:01:55.481Z
1.00999,0.37343,0.63655,339737074,2023-06-20T23:01:41.113Z
1.49692,0.84434,0.65258,335296950,2023-06-21T23:02:16.410Z
1.28303,0.6439,0.63913,333535330,2023-06-22T23:01:39.588Z
1.15928,0.50223,0.65705,336086244,2023-06-23T23:01:45.059Z
1.03747,0.40619,0.63127,330808327,2023-06-24T23:02:42.892Z
0.80487,0.13408,0.67079,331479348,2023-06-25T23:02:14.667Z
0.73386,0.09487,0.63899,329695347,2023-06-26T23:01:58.728Z
1.06056,0.40625,0.65431,324197477,2023-06-27T23:01:47.931Z
0.95301,0.32801,0.625,326384852,2023-06-28T23:01:53.882Z
0.9449,0.2871,0.6578,322141154,2023-06-29T23:02:09.849Z
1.06472,0.35272,0.712,317135473,2023-06-30T23:01:48.110Z
1.30502,0.58766,0.71735,314807325,2023-07-01T23:01:39.129Z
0.9061,0.19164,0.71446,312467001,2023-07-02T23:02:17.619Z
0.81117,0.10498,0.70619,312089807,2023-07-03T23:01:51.663Z
1.05062,0.31742,0.73319,308693759,2023-07-04T23:02:08.615Z
0.99306,0.29456,0.6985,311914805,2023-07-05T23:04:33.676Z
1.12298,0.47193,0.65106,308239132,2023-07-06T23:02:00.488Z
1.03444,0.33845,0.69599,308029369,2023-07-07T23:02:13.268Z
0.99807,0.3107,0.68737,307964402,2023-07-08T23:02:13.191Z
0.73094,0.01867,0.71227,306769017,2023-07-09T23:02:14.712Z
0.77617,0.05974,0.71643,301515691,2023-07-10T23:01:57.819Z
1.10465,0.3999,0.70475,300744452,2023-07-11T23:01:46.407Z
1.00703,0.30955,0.69748,299601759,2023-07-12T23:01:56.162Z
1.10519,0.36469,0.74051,298697229,2023-07-13T23:01:56.853Z
1.23888,0.51796,0.72092,299801690,2023-07-14T23:02:06.481Z
1.03065,0.34694,0.68371,301005810,2023-07-15T23:02:26.838Z
0.7987,0.12004,0.67866,302235270,2023-07-16T23:03:15.353Z
0.72944,0.05933,0.67011,302780282,2023-07-17T23:01:51.232Z
0.88654,0.23448,0.65206,300960169,2023-07-18T23:02:03.397Z
0.91129,0.254,0.65729,298750880,2023-07-19T23:02:09.802Z
0.94259,0.27244,0.67015,296308164,2023-07-20T23:01:53.722Z
0.94452,0.23935,0.70517,287989397,2023-07-21T23:02:23.919Z
0.99229,0.29592,0.69637,287240954,2023-07-22T23:02:02.385Z
0.80046,0.10289,0.69757,287252550,2023-07-23T23:01:25.111Z
0.71954,0.04954,0.67,286410511,2023-07-24T23:02:14.904Z
0.96607,0.29717,0.66891,290302985,2023-07-25T23:02:36.651Z
1.01233,0.35637,0.65596,291143817,2023-07-26T23:02:14.691Z
1.10471,0.45987,0.64484,290475076,2023-07-27T23:01:48.835Z
0.97423,0.32844,0.6458,292998985,2023-07-28T23:02:26.092Z
1.07749,0.42693,0.65056,291572852,2023-07-29T23:01:55.671Z
0.65589,0.08245,0.57344,275073624,2023-07-30T23:01:48.236Z
1.09553,0.11967,0.97586,224656153,2023-07-31T10:01:55.039Z
7.85387,6.93149,0.92238,228005092,2023-08-02T23:01:54.856Z
1.4936,0.57602,0.91758,231138154,2023-08-03T23:01:53.006Z
1.5575,0.59346,0.96404,229601891,2023-08-04T23:02:03.931Z
1.8102,0.83267,0.97753,229929107,2023-08-05T23:01:44.966Z
1.35008,0.3883,0.96178,226621816,2023-08-06T23:01:46.124Z
1.50924,0.50324,1.00601,226636334,2023-08-07T23:01:46.937Z
2.58339,1.60209,0.9813,223687678,2023-08-08T23:01:57.886Z
2.02388,1.02909,0.99479,221052021,2023-08-09T23:01:23.686Z
1.581,0.61976,0.96124,221232769,2023-08-10T23:02:49.832Z
1.622,0.68489,0.93711,221269921,2023-08-11T23:01:57.666Z
1.56662,0.64679,0.91983,220701813,2023-08-12T23:01:42.263Z
1.10657,0.20232,0.90425,220696290,2023-08-13T23:01:54.136Z
1.07733,0.30346,0.77387,219214995,2023-08-14T23:02:23.867Z
1.81256,1.07617,0.73638,222570842,2023-08-15T23:01:44.483Z
1.44013,0.72909,0.71105,222729413,2023-08-16T23:01:47.022Z
1.17925,0.53525,0.644,226234346,2023-08-17T23:01:50.837Z
1.852,1.19885,0.65315,222153689,2023-08-18T23:01:47.961Z
1.97102,1.30882,0.66219,225196312,2023-08-19T23:02:38.899Z
1.10666,0.44638,0.66028,224126618,2023-08-20T23:01:51.534Z
0.839,0.20232,0.63668,225170333,2023-08-21T23:02:33.094Z
1.25418,0.63963,0.61455,224107079,2023-08-22T23:02:04.720Z
1.2538,0.63444,0.61936,223313773,2023-08-23T23:02:11.408Z
0.9839,0.39715,0.58674,223345743,2023-08-24T23:02:10.866Z
1.03508,0.44664,0.58844,224922962,2023-08-25T23:01:58.938Z
0.84957,0.26313,0.58644,223417333,2023-08-26T23:01:55.171Z
0.7057,0.11247,0.59324,222521208,2023-08-27T23:01:42.235Z
0.70817,0.07364,0.63453,222804396,2023-08-28T23:01:55.029Z
0.92941,0.29734,0.63206,221222628,2023-08-29T23:01:46.114Z
1.43761,0.73753,0.70008,221778813,2023-08-30T23:01:43.459Z
1.12784,0.46,0.66784,217029172,2023-08-31T23:01:28.604Z
0.95781,0.31154,0.64628,215141345,2023-09-01T23:01:33.638Z
1.23648,0.60094,0.63554,216300288,2023-09-02T23:01:36.990Z
0.94863,0.31422,0.63441,215927197,2023-09-03T23:01:36.281Z
0.69356,0.05767,0.63589,215805444,2023-09-04T23:01:52.784Z
0.80158,0.15416,0.64742,217743516,2023-09-05T23:01:36.171Z
0.9991,0.33504,0.66407,215730370,2023-09-06T23:01:59.176Z
1.36758,0.72063,0.64694,221807388,2023-09-07T23:01:47.073Z
0.96479,0.33209,0.63271,224404402,2023-09-08T23:01:47.038Z
0.90225,0.26347,0.63877,224351583,2023-09-09T23:01:43.784Z
0.66372,0.05071,0.61301,224709962,2023-09-10T23:01:46.446Z
0.68586,0.10066,0.5852,223701566,2023-09-11T23:01:08.439Z
1.0162,0.4376,0.57861,223332538,2023-09-12T23:01:47.606Z
1.61689,1.01771,0.59919,223201103,2023-09-13T23:01:30.399Z
0.97923,0.37106,0.60817,223433753,2023-09-14T23:03:08.034Z
0.89063,0.2619,0.62873,223541473,2023-09-15T23:01:33.386Z
1.18189,0.54337,0.63853,221323020,2023-09-16T23:01:31.248Z
0.85801,0.22931,0.6287,222223158,2023-09-17T23:01:25.610Z
0.74831,0.12233,0.62598,220815080,2023-09-18T23:01:48.330Z
1.02294,0.36887,0.65407,219995838,2023-09-19T23:01:39.308Z
1.05498,0.40615,0.64883,220151845,2023-09-20T23:02:08.853Z
0.9878,0.33979,0.64801,215284106,2023-09-21T23:01:23.518Z
1.11466,0.40169,0.71297,216547968,2023-09-22T23:01:38.615Z
1.07703,0.38029,0.69674,215520464,2023-09-23T23:01:33.968Z
0.99064,0.22364,0.767,214770397,2023-09-24T23:01:28.292Z
0.89234,0.12927,0.76307,215080875,2023-09-25T23:01:35.846Z
1.17079,0.40205,0.76875,215131414,2023-09-26T23:01:54.042Z
1.13479,0.37119,0.7636,216614580,2023-09-27T23:01:38.854Z
1.26335,0.49841,0.76494,216490090,2023-09-28T23:01:27.590Z
1.41338,0.63951,0.77387,216527007,2023-09-29T23:01:46.665Z
1.00706,0.2398,0.76726,215915221,2023-09-30T23:01:15.194Z
1.03069,0.23144,0.79926,216015133,2023-10-01T23:01:38.981Z
0.8971,0.16035,0.73675,216231425,2023-10-02T23:01:24.213Z
1.12597,0.40672,0.71925,216621915,2023-10-03T23:03:02.904Z
0.93773,0.2188,0.71893,215977599,2023-10-04T23:01:33.785Z
0.82236,0.14643,0.67593,216652190,2023-10-05T23:01:22.475Z
0.96219,0.27783,0.68437,216057109,2023-10-06T23:01:30.243Z
0.92349,0.24438,0.67911,215661486,2023-10-07T23:01:36.127Z
0.77177,0.09381,0.67796,215276490,2023-10-08T23:01:21.881Z
0.92728,0.28287,0.64441,215300774,2023-10-09T23:01:28.261Z
0.82852,0.20158,0.62694,215637490,2023-10-10T23:01:44.293Z
1.29912,0.67923,0.61989,217552225,2023-10-11T23:01:16.278Z
1.061,0.45,0.611,218043437,2023-10-12T23:01:45.246Z
1.36457,0.73,0.63457,219388473,2023-10-13T23:01:39.038Z
0.81335,0.18,0.63335,219492688,2023-10-14T23:01:41.849Z
0.71505,0.08,0.63505,218930088,2023-10-15T23:01:34.787Z
1.69097,1.04,0.65097,219029311,2023-10-16T23:01:18.782Z
1.08957,0.46,0.62957,216386878,2023-10-17T23:01:25.898Z
0.91888,0.3,0.61888,217044955,2023-10-18T23:01:56.586Z
0.92147,0.33,0.59147,215482143,2023-10-19T23:01:28.375Z
1.12416,0.52,0.60416,203001029,2023-10-20T23:01:42.680Z
0.74032,0.11,0.63032,201954448,2023-10-21T23:01:33.875Z
0.80407,0.16,0.64407,201733416,2023-10-22T23:01:44.197Z
1.44268,0.77,0.67268,200938196,2023-10-23T23:01:44.334Z
1.4386,0.75,0.6886,199363580,2023-10-24T23:01:37.707Z
0.96388,0.28,0.68388,199899596,2023-10-25T23:01:09.873Z
1.21891,0.47,0.74891,197821589,2023-10-26T23:01:03.891Z
1.15666,0.43,0.72666,197897191,2023-10-27T23:01:13.239Z
0.96266,0.21,0.75266,197957228,2023-10-28T23:01:07.280Z
0.94006,0.16,0.78006,199637254,2023-10-29T23:01:13.077Z
1.19759,0.43,0.76759,199570463,2023-10-30T23:01:23.229Z
1.09863,0.33,0.76863,198138237,2023-10-31T23:01:22.430Z
1.22875,0.34,0.88875,196377143,2023-11-01T23:01:20.183Z
1.49833,0.64,0.85833,195533414,2023-11-02T23:01:18.532Z
1.46945,0.57,0.89945,195758342,2023-11-03T23:02:05.784Z
1.04964,0.12,0.92964,195898204,2023-11-04T23:01:20.193Z
1.28084,0.33,0.95084,197817074,2023-11-05T23:01:07.525Z
1.45786,0.49,0.96786,195980836,2023-11-06T23:01:56.454Z
1.28285,0.34,0.94285,196435100,2023-11-07T23:01:28.192Z
1.37371,0.41,0.96371,196483782,2023-11-08T23:01:35.051Z
1.31699,0.41,0.90699,196631712,2023-11-09T23:02:52.417Z
1.4268,0.43,0.9968,195761359,2023-11-10T23:01:12.746Z
1.24309,0.2,1.04309,193388756,2023-11-11T23:01:42.306Z
1.24725,0.18,1.06725,193540318,2023-11-12T23:03:29.643Z
1.43146,0.43,1.00146,193035825,2023-11-13T23:01:36.333Z
1.34125,0.35,0.99125,192820636,2023-11-14T16:01:34.833Z